{"count":1,"self":314.1521664,"total":314.3723337,"children":{"InitializeActuators":{"count":1,"self":0.0026022999999999997,"total":0.0026022999999999997,"children":null},"InitializeSensors":{"count":1,"self":0.0009922,"total":0.0009922,"children":null},"AgentSendState":{"count":11783,"self":0.081888599999999992,"total":0.109279,"children":{"CollectObservations":{"count":2357,"self":0.0040628999999999995,"total":0.0040628999999999995,"children":null},"WriteActionMask":{"count":2357,"self":0.011103799999999999,"total":0.011103799999999999,"children":null},"RequestDecision":{"count":2357,"self":0.012223699999999999,"total":0.012223699999999999,"children":null}}},"DecideAction":{"count":11783,"self":0.0767326,"total":0.0767326,"children":null},"AgentAct":{"count":11783,"self":0.030549999999999997,"total":0.030549999999999997,"children":null}},"gauges":{},"metadata":{"timer_format_version":"0.1.0","start_time_seconds":"1780585887","unity_version":"6000.3.13f1","command_line_arguments":"C:\\Program Files\\Unity\\Hub\\Editor\\6000.3.13f1\\Editor\\Unity.exe -projectpath C:\\Users\\nicky\\Programmeren\\Unity\\Unity Projects\\BusBoys -acceptSoftwareTermsForThisRunOnly -useHub -hubIPC -cloudEnvironment production","communication_protocol_version":"1.5.0","com.unity.ml-agents_version":"4.0.3","scene_name":"Demonstration","end_time_seconds":"1780586201"}}